{
    "legend_mapping": {
        "A": "Fruit",
        "B": "The",
        "C": "Time",
        "D": "Wait,",
        "E": "a",
        "F": "again.",
        "G": "an",
        "H": "arrow.",
        "I": "at",
        "J": "back",
        "K": "banana.",
        "L": "barks",
        "M": "brown",
        "N": "dog",
        "O": "dog.",
        "P": "fast.",
        "Q": "flies",
        "R": "fox",
        "S": "fox.",
        "T": "is",
        "U": "jumps",
        "V": "lazy",
        "W": "like",
        "X": "over",
        "Y": "quick",
        "Z": "slow.",
        "[": "the"
    },
    "transition_matrix": {
        "A": {
            "A": 0.0,
            "B": 0.0,
            "C": 0.0,
            "D": 0.0,
            "E": 0.0,
            "F": 0.0,
            "G": 0.0,
            "H": 0.0,
            "I": 0.0,
            "J": 0.0,
            "K": 0.0,
            "L": 0.0,
            "M": 0.0,
            "N": 0.0,
            "O": 0.0,
            "P": 0.0,
            "Q": 1.0,
            "R": 0.0,
            "S": 0.0,
            "T": 0.0,
            "U": 0.0,
            "V": 0.0,
            "W": 0.0,
            "X": 0.0,
            "Y": 0.0,
            "Z": 0.0,
            "[": 0.0
        },
        "B": {
            "A": 0.0,
            "B": 0.0,
            "C": 0.0,
            "D": 0.0,
            "E": 0.0,
            "F": 0.0,
            "G": 0.0,
            "H": 0.0,
            "I": 0.0,
            "J": 0.0,
            "K": 0.0,
            "L": 0.0,
            "M": 0.0,
            "N": 0.5,
            "O": 0.0,
            "P": 0.0,
            "Q": 0.0,
            "R": 0.0,
            "S": 0.0,
            "T": 0.0,
            "U": 0.0,
            "V": 0.0,
            "W": 0.0,
            "X": 0.0,
            "Y": 0.5,
            "Z": 0.0,
            "[": 0.0
        },
        "C": {
            "A": 0.0,
            "B": 0.0,
            "C": 0.0,
            "D": 0.0,
            "E": 0.0,
            "F": 0.0,
            "G": 0.0,
            "H": 0.0,
            "I": 0.0,
            "J": 0.0,
            "K": 0.0,
            "L": 0.0,
            "M": 0.0,
            "N": 0.0,
            "O": 0.0,
            "P": 0.0,
            "Q": 1.0,
            "R": 0.0,
            "S": 0.0,
            "T": 0.0,
            "U": 0.0,
            "V": 0.0,
            "W": 0.0,
            "X": 0.0,
            "Y": 0.0,
            "Z": 0.0,
            "[": 0.0
        },
        "D": {
            "A": 0.0,
            "B": 0.0,
            "C": 0.0,
            "D": 0.0,
            "E": 0.0,
            "F": 0.0,
            "G": 0.0,
            "H": 0.0,
            "I": 0.0,
            "J": 0.0,
            "K": 0.0,
            "L": 0.0,
            "M": 0.0,
            "N": 0.0,
            "O": 0.0,
            "P": 0.0,
            "Q": 0.0,
            "R": 0.0,
            "S": 0.0,
            "T": 0.0,
            "U": 0.0,
            "V": 0.0,
            "W": 0.0,
            "X": 0.0,
            "Y": 0.0,
            "Z": 0.0,
            "[": 1.0
        },
        "E": {
            "A": 0.0,
            "B": 0.0,
            "C": 0.0,
            "D": 0.0,
            "E": 0.0,
            "F": 0.0,
            "G": 0.0,
            "H": 0.0,
            "I": 0.0,
            "J": 0.0,
            "K": 1.0,
            "L": 0.0,
            "M": 0.0,
            "N": 0.0,
            "O": 0.0,
            "P": 0.0,
            "Q": 0.0,
            "R": 0.0,
            "S": 0.0,
            "T": 0.0,
            "U": 0.0,
            "V": 0.0,
            "W": 0.0,
            "X": 0.0,
            "Y": 0.0,
            "Z": 0.0,
            "[": 0.0
        },
        "F": {
            "A": 0.0,
            "B": 1.0,
            "C": 0.0,
            "D": 0.0,
            "E": 0.0,
            "F": 0.0,
            "G": 0.0,
            "H": 0.0,
            "I": 0.0,
            "J": 0.0,
            "K": 0.0,
            "L": 0.0,
            "M": 0.0,
            "N": 0.0,
            "O": 0.0,
            "P": 0.0,
            "Q": 0.0,
            "R": 0.0,
            "S": 0.0,
            "T": 0.0,
            "U": 0.0,
            "V": 0.0,
            "W": 0.0,
            "X": 0.0,
            "Y": 0.0,
            "Z": 0.0,
            "[": 0.0
        },
        "G": {
            "A": 0.0,
            "B": 0.0,
            "C": 0.0,
            "D": 0.0,
            "E": 0.0,
            "F": 0.0,
            "G": 0.0,
            "H": 1.0,
            "I": 0.0,
            "J": 0.0,
            "K": 0.0,
            "L": 0.0,
            "M": 0.0,
            "N": 0.0,
            "O": 0.0,
            "P": 0.0,
            "Q": 0.0,
            "R": 0.0,
            "S": 0.0,
            "T": 0.0,
            "U": 0.0,
            "V": 0.0,
            "W": 0.0,
            "X": 0.0,
            "Y": 0.0,
            "Z": 0.0,
            "[": 0.0
        },
        "H": {
            "A": 1.0,
            "B": 0.0,
            "C": 0.0,
            "D": 0.0,
            "E": 0.0,
            "F": 0.0,
            "G": 0.0,
            "H": 0.0,
            "I": 0.0,
            "J": 0.0,
            "K": 0.0,
            "L": 0.0,
            "M": 0.0,
            "N": 0.0,
            "O": 0.0,
            "P": 0.0,
            "Q": 0.0,
            "R": 0.0,
            "S": 0.0,
            "T": 0.0,
            "U": 0.0,
            "V": 0.0,
            "W": 0.0,
            "X": 0.0,
            "Y": 0.0,
            "Z": 0.0,
            "[": 0.0
        },
        "I": {
            "A": 0.0,
            "B": 0.0,
            "C": 0.0,
            "D": 0.0,
            "E": 0.0,
            "F": 0.0,
            "G": 0.0,
            "H": 0.0,
            "I": 0.0,
            "J": 0.0,
            "K": 0.0,
            "L": 0.0,
            "M": 0.0,
            "N": 0.0,
            "O": 0.0,
            "P": 0.0,
            "Q": 0.0,
            "R": 0.0,
            "S": 0.0,
            "T": 0.0,
            "U": 0.0,
            "V": 0.0,
            "W": 0.0,
            "X": 0.0,
            "Y": 0.0,
            "Z": 0.0,
            "[": 1.0
        },
        "J": {
            "A": 0.0,
            "B": 0.0,
            "C": 0.0,
            "D": 0.0,
            "E": 0.0,
            "F": 1.0,
            "G": 0.0,
            "H": 0.0,
            "I": 0.0,
            "J": 0.0,
            "K": 0.0,
            "L": 0.0,
            "M": 0.0,
            "N": 0.0,
            "O": 0.0,
            "P": 0.0,
            "Q": 0.0,
            "R": 0.0,
            "S": 0.0,
            "T": 0.0,
            "U": 0.0,
            "V": 0.0,
            "W": 0.0,
            "X": 0.0,
            "Y": 0.0,
            "Z": 0.0,
            "[": 0.0
        },
        "K": {
            "A": 0.0,
            "B": 1.0,
            "C": 0.0,
            "D": 0.0,
            "E": 0.0,
            "F": 0.0,
            "G": 0.0,
            "H": 0.0,
            "I": 0.0,
            "J": 0.0,
            "K": 0.0,
            "L": 0.0,
            "M": 0.0,
            "N": 0.0,
            "O": 0.0,
            "P": 0.0,
            "Q": 0.0,
            "R": 0.0,
            "S": 0.0,
            "T": 0.0,
            "U": 0.0,
            "V": 0.0,
            "W": 0.0,
            "X": 0.0,
            "Y": 0.0,
            "Z": 0.0,
            "[": 0.0
        },
        "L": {
            "A": 0.0,
            "B": 0.0,
            "C": 0.0,
            "D": 0.0,
            "E": 0.0,
            "F": 0.0,
            "G": 0.0,
            "H": 0.0,
            "I": 1.0,
            "J": 0.0,
            "K": 0.0,
            "L": 0.0,
            "M": 0.0,
            "N": 0.0,
            "O": 0.0,
            "P": 0.0,
            "Q": 0.0,
            "R": 0.0,
            "S": 0.0,
            "T": 0.0,
            "U": 0.0,
            "V": 0.0,
            "W": 0.0,
            "X": 0.0,
            "Y": 0.0,
            "Z": 0.0,
            "[": 0.0
        },
        "M": {
            "A": 0.0,
            "B": 0.0,
            "C": 0.0,
            "D": 0.0,
            "E": 0.0,
            "F": 0.0,
            "G": 0.0,
            "H": 0.0,
            "I": 0.0,
            "J": 0.0,
            "K": 0.0,
            "L": 0.0,
            "M": 0.0,
            "N": 0.0,
            "O": 0.0,
            "P": 0.0,
            "Q": 0.0,
            "R": 1.0,
            "S": 0.0,
            "T": 0.0,
            "U": 0.0,
            "V": 0.0,
            "W": 0.0,
            "X": 0.0,
            "Y": 0.0,
            "Z": 0.0,
            "[": 0.0
        },
        "N": {
            "A": 0.0,
            "B": 0.0,
            "C": 0.0,
            "D": 0.0,
            "E": 0.0,
            "F": 0.0,
            "G": 0.0,
            "H": 0.0,
            "I": 0.0,
            "J": 0.0,
            "K": 0.0,
            "L": 0.6667,
            "M": 0.0,
            "N": 0.0,
            "O": 0.0,
            "P": 0.0,
            "Q": 0.0,
            "R": 0.0,
            "S": 0.0,
            "T": 0.3333,
            "U": 0.0,
            "V": 0.0,
            "W": 0.0,
            "X": 0.0,
            "Y": 0.0,
            "Z": 0.0,
            "[": 0.0
        },
        "O": {
            "A": 0.0,
            "B": 1.0,
            "C": 0.0,
            "D": 0.0,
            "E": 0.0,
            "F": 0.0,
            "G": 0.0,
            "H": 0.0,
            "I": 0.0,
            "J": 0.0,
            "K": 0.0,
            "L": 0.0,
            "M": 0.0,
            "N": 0.0,
            "O": 0.0,
            "P": 0.0,
            "Q": 0.0,
            "R": 0.0,
            "S": 0.0,
            "T": 0.0,
            "U": 0.0,
            "V": 0.0,
            "W": 0.0,
            "X": 0.0,
            "Y": 0.0,
            "Z": 0.0,
            "[": 0.0
        },
        "P": {
            "A": 0.0,
            "B": 1.0,
            "C": 0.0,
            "D": 0.0,
            "E": 0.0,
            "F": 0.0,
            "G": 0.0,
            "H": 0.0,
            "I": 0.0,
            "J": 0.0,
            "K": 0.0,
            "L": 0.0,
            "M": 0.0,
            "N": 0.0,
            "O": 0.0,
            "P": 0.0,
            "Q": 0.0,
            "R": 0.0,
            "S": 0.0,
            "T": 0.0,
            "U": 0.0,
            "V": 0.0,
            "W": 0.0,
            "X": 0.0,
            "Y": 0.0,
            "Z": 0.0,
            "[": 0.0
        },
        "Q": {
            "A": 0.0,
            "B": 0.0,
            "C": 0.0,
            "D": 0.0,
            "E": 0.0,
            "F": 0.0,
            "G": 0.0,
            "H": 0.0,
            "I": 0.0,
            "J": 0.0,
            "K": 0.0,
            "L": 0.0,
            "M": 0.0,
            "N": 0.0,
            "O": 0.0,
            "P": 0.0,
            "Q": 0.0,
            "R": 0.0,
            "S": 0.0,
            "T": 0.0,
            "U": 0.0,
            "V": 0.0,
            "W": 1.0,
            "X": 0.0,
            "Y": 0.0,
            "Z": 0.0,
            "[": 0.0
        },
        "R": {
            "A": 0.0,
            "B": 0.0,
            "C": 0.0,
            "D": 0.0,
            "E": 0.0,
            "F": 0.0,
            "G": 0.0,
            "H": 0.0,
            "I": 0.0,
            "J": 0.0,
            "K": 0.0,
            "L": 0.0,
            "M": 0.0,
            "N": 0.0,
            "O": 0.0,
            "P": 0.0,
            "Q": 0.0,
            "R": 0.0,
            "S": 0.0,
            "T": 0.6,
            "U": 0.4,
            "V": 0.0,
            "W": 0.0,
            "X": 0.0,
            "Y": 0.0,
            "Z": 0.0,
            "[": 0.0
        },
        "S": {
            "A": 0.0,
            "B": 0.0,
            "C": 0.0,
            "D": 1.0,
            "E": 0.0,
            "F": 0.0,
            "G": 0.0,
            "H": 0.0,
            "I": 0.0,
            "J": 0.0,
            "K": 0.0,
            "L": 0.0,
            "M": 0.0,
            "N": 0.0,
            "O": 0.0,
            "P": 0.0,
            "Q": 0.0,
            "R": 0.0,
            "S": 0.0,
            "T": 0.0,
            "U": 0.0,
            "V": 0.0,
            "W": 0.0,
            "X": 0.0,
            "Y": 0.0,
            "Z": 0.0,
            "[": 0.0
        },
        "T": {
            "A": 0.0,
            "B": 0.0,
            "C": 0.0,
            "D": 0.0,
            "E": 0.0,
            "F": 0.0,
            "G": 0.0,
            "H": 0.0,
            "I": 0.0,
            "J": 0.25,
            "K": 0.0,
            "L": 0.0,
            "M": 0.0,
            "N": 0.0,
            "O": 0.0,
            "P": 0.5,
            "Q": 0.0,
            "R": 0.0,
            "S": 0.0,
            "T": 0.0,
            "U": 0.0,
            "V": 0.0,
            "W": 0.0,
            "X": 0.0,
            "Y": 0.0,
            "Z": 0.25,
            "[": 0.0
        },
        "U": {
            "A": 0.0,
            "B": 0.0,
            "C": 0.0,
            "D": 0.0,
            "E": 0.0,
            "F": 0.0,
            "G": 0.0,
            "H": 0.0,
            "I": 0.0,
            "J": 0.0,
            "K": 0.0,
            "L": 0.0,
            "M": 0.0,
            "N": 0.0,
            "O": 0.0,
            "P": 0.0,
            "Q": 0.0,
            "R": 0.0,
            "S": 0.0,
            "T": 0.0,
            "U": 0.0,
            "V": 0.0,
            "W": 0.0,
            "X": 1.0,
            "Y": 0.0,
            "Z": 0.0,
            "[": 0.0
        },
        "V": {
            "A": 0.0,
            "B": 0.0,
            "C": 0.0,
            "D": 0.0,
            "E": 0.0,
            "F": 0.0,
            "G": 0.0,
            "H": 0.0,
            "I": 0.0,
            "J": 0.0,
            "K": 0.0,
            "L": 0.0,
            "M": 0.0,
            "N": 0.0,
            "O": 1.0,
            "P": 0.0,
            "Q": 0.0,
            "R": 0.0,
            "S": 0.0,
            "T": 0.0,
            "U": 0.0,
            "V": 0.0,
            "W": 0.0,
            "X": 0.0,
            "Y": 0.0,
            "Z": 0.0,
            "[": 0.0
        },
        "W": {
            "A": 0.0,
            "B": 0.0,
            "C": 0.0,
            "D": 0.0,
            "E": 0.5,
            "F": 0.0,
            "G": 0.5,
            "H": 0.0,
            "I": 0.0,
            "J": 0.0,
            "K": 0.0,
            "L": 0.0,
            "M": 0.0,
            "N": 0.0,
            "O": 0.0,
            "P": 0.0,
            "Q": 0.0,
            "R": 0.0,
            "S": 0.0,
            "T": 0.0,
            "U": 0.0,
            "V": 0.0,
            "W": 0.0,
            "X": 0.0,
            "Y": 0.0,
            "Z": 0.0,
            "[": 0.0
        },
        "X": {
            "A": 0.0,
            "B": 0.0,
            "C": 0.0,
            "D": 0.0,
            "E": 0.0,
            "F": 0.0,
            "G": 0.0,
            "H": 0.0,
            "I": 0.0,
            "J": 0.0,
            "K": 0.0,
            "L": 0.0,
            "M": 0.0,
            "N": 0.0,
            "O": 0.0,
            "P": 0.0,
            "Q": 0.0,
            "R": 0.0,
            "S": 0.0,
            "T": 0.0,
            "U": 0.0,
            "V": 0.0,
            "W": 0.0,
            "X": 0.0,
            "Y": 0.0,
            "Z": 0.0,
            "[": 1.0
        },
        "Y": {
            "A": 0.0,
            "B": 0.0,
            "C": 0.0,
            "D": 0.0,
            "E": 0.0,
            "F": 0.0,
            "G": 0.0,
            "H": 0.0,
            "I": 0.0,
            "J": 0.0,
            "K": 0.0,
            "L": 0.0,
            "M": 1.0,
            "N": 0.0,
            "O": 0.0,
            "P": 0.0,
            "Q": 0.0,
            "R": 0.0,
            "S": 0.0,
            "T": 0.0,
            "U": 0.0,
            "V": 0.0,
            "W": 0.0,
            "X": 0.0,
            "Y": 0.0,
            "Z": 0.0,
            "[": 0.0
        },
        "Z": {
            "A": 0.0,
            "B": 0.0,
            "C": 1.0,
            "D": 0.0,
            "E": 0.0,
            "F": 0.0,
            "G": 0.0,
            "H": 0.0,
            "I": 0.0,
            "J": 0.0,
            "K": 0.0,
            "L": 0.0,
            "M": 0.0,
            "N": 0.0,
            "O": 0.0,
            "P": 0.0,
            "Q": 0.0,
            "R": 0.0,
            "S": 0.0,
            "T": 0.0,
            "U": 0.0,
            "V": 0.0,
            "W": 0.0,
            "X": 0.0,
            "Y": 0.0,
            "Z": 0.0,
            "[": 0.0
        },
        "[": {
            "A": 0.0,
            "B": 0.0,
            "C": 0.0,
            "D": 0.0,
            "E": 0.0,
            "F": 0.0,
            "G": 0.0,
            "H": 0.0,
            "I": 0.0,
            "J": 0.0,
            "K": 0.0,
            "L": 0.0,
            "M": 0.0,
            "N": 0.0,
            "O": 0.0,
            "P": 0.0,
            "Q": 0.0,
            "R": 0.3333,
            "S": 0.3333,
            "T": 0.0,
            "U": 0.0,
            "V": 0.3333,
            "W": 0.0,
            "X": 0.0,
            "Y": 0.0,
            "Z": 0.0,
            "[": 0.0
        }
    }
}